schema_version,graph_type,size,param,trials,seed,enforce_connected,max_retries,ba_initial_clique,road_cross_edge_rate,road_branch_min,road_branch_max,dijkstra_ms,dijkstra_fib_ms,bmssp_ms,bmssp_vs_binary_speedup,bmssp_vs_fib_speedup,fib_vs_binary_speedup,match_binary_fib,match_binary_bmssp,match_fib_bmssp,reachable,avg_distance,max_distance,graph_avg_degree,graph_degree_stddev,graph_degree_gini,graph_max_degree,graph_component_count,graph_giant_component_fraction,graph_source_reachable_fraction,graph_avg_distance_hops_unweighted,graph_approx_diameter_hops,graph_avg_clustering_coefficient,graph_edge_weight_mean,graph_edge_weight_stddev,bmssp_id_prep_ms,bmssp_cd_prep_ms,bmssp_cd_internal_vertices,bmssp_cd_internal_edges,bmssp_cd_vertex_blowup,bmssp_cd_edge_blowup,bmssp_cd_vs_identity_ratio,binpq_push_count,binpq_pop_count,binpq_stale_pop_count,binpq_relax_attempt_count,binpq_relax_success_count,fib_insert_count,fib_extract_count,fib_decrease_key_count,fib_relax_attempt_count,fib_relax_success_count,bmssp_calls_total,bmssp_max_level,bmssp_find_pivots_calls,bmssp_mean_pivot_ratio,bmssp_mean_frontier_expansion,bmssp_pull_count,bmssp_pull_mean_batch,bmssp_queue_insert_count,bmssp_queue_erase_count,bmssp_queue_batchprepend_count,warmup_runs,order_randomized,dijkstra_median_ms,dijkstra_std_ms,dijkstra_p95_ms,dijkstra_fib_median_ms,dijkstra_fib_std_ms,dijkstra_fib_p95_ms,bmssp_median_ms,bmssp_std_ms,bmssp_p95_ms,bmssp_total_with_cd_ms,bmssp_total_with_cd_median_ms,bmssp_total_with_cd_std_ms,bmssp_total_with_cd_p95_ms,match_count_binary_fib,match_count_binary_bmssp,match_count_fib_bmssp
2,random,100000,4,5,42,1,20,0,0.1,1,3,26.8128,77.8052,125.35,0.213977,0.620933,0.345281,YES,YES,YES,100000,385.312,569.433,3.99434,0.0926409,0.00141292,4,1,1,1,9.83405,13,1.50026e-05,50.5034,28.5799,7.5042,131.967,399435,798867,3.99435,2,17.5858,130415,130415,30415.2,399434,130414,100000,100000,30415.2,399434,130414,798.6,3,311.8,0.0250573,1.05458,797.6,131.68,131730,118476,797.6,1,1,26.807,0.411249,27.304,76.597,3.6793,84.032,124.16,2.08795,128.675,257.318,253.828,9.7612,270.323,5,5,5
2,random,100000,8,5,42,1,20,0,0.1,1,3,35.0312,85.1868,190.475,0.184179,0.448362,0.412107,YES,YES,YES,100000,169.594,254.063,7.99598,0.0880515,0.000502232,8,1,1,1,5.971,8,6.4319e-05,50.5032,28.5748,8.8682,319.888,799599,1.5992e+06,7.99599,2,36.0714,176835,176835,76835.2,799598,176834,100000,100000,76835.2,799598,176834,1593.4,3,239,0.066118,1.15501,1592.4,65.0883,173080,115206,1592.4,1,1,34.896,0.960178,36.211,83.657,5.45579,94.71,186.48,8.84896,205.457,510.363,505.087,11.4778,523.08,5,5,5
2,random,250000,4,5,42,1,20,0,0.1,1,3,74.34,229.896,426.56,0.17434,0.53904,0.323449,YES,YES,YES,250000,436.572,637.323,3.99442,0.091219,0.00139092,4,1,1,1,10.6786,15,1.46691e-05,50.4793,28.5882,23.442,428.867,998607,1.99721e+06,3.99443,2,18.2948,326054,326054,76054.2,998606,326053,250000,250000,76054.2,998606,326053,3036.8,3,349,0.143738,1.17086,3035.8,84.3516,328049,270401,3035.8,1,1,74.46,0.902737,75.566,231.713,3.09518,232.589,427.039,7.45171,433.869,855.427,858.761,12.6012,865.094,5,5,5
2,random,250000,8,5,42,1,20,0,0.1,1,3,100.605,263.079,556.695,0.180734,0.47261,0.382434,YES,YES,YES,250000,181.562,266.691,7.99602,0.0883101,0.000497069,8,1,1,1,6.44692,8,2.2981e-05,50.521,28.5785,23.4456,989.372,1.99901e+06,3.99801e+06,7.99602,2,42.1986,441985,441985,191985,1.999e+06,441984,250000,250000,191985,1.999e+06,441984,1128.8,3,268.2,0.100633,1.18069,1127.8,223.873,435659,263251,1127.8,1,1,101.445,2.26652,101.932,264.56,6.46083,268.444,561.101,14.3849,568.671,1546.07,1546.72,32.1064,1586.83,5,5,5
2,random,500000,4,5,42,1,20,0,0.1,1,3,154.069,542.72,1107.55,0.139128,0.490063,0.283882,YES,YES,YES,499993,449.303,629.91,3.99431,0.0933357,0.00141931,4,8.2,0.999986,0.999986,11.2967,15.8,4.00074e-06,50.5125,28.5788,55.1714,968.694,1.99716e+06,3.99431e+06,3.99431,2,17.5579,651566,651566,151573,1.99716e+06,651565,499993,499993,151573,1.99716e+06,651565,1327.6,3,609,0.0102505,1.02533,1326.6,391.829,656394,573343,1326.6,1,1,153.422,1.94964,157.504,543.383,2.53775,545.428,1107.64,10.3743,1116.83,2076.25,2068.46,20.9433,2107.96,5,5,5
2,random,500000,8,5,42,1,20,0,0.1,1,3,211.429,632.42,1465.67,0.144316,0.431524,0.334434,YES,YES,YES,500000,192.229,283.118,7.99612,0.0863986,0.000484085,8,1,1,1,6.7914,8.6,1.28314e-05,50.5009,28.5799,49.156,2189.56,3.99806e+06,7.99612e+06,7.99612,2,44.5431,884334,884334,384334,3.99806e+06,884333,500000,500000,384334,3.99806e+06,884333,3203.2,3,453,0.0358651,1.0826,3202.2,160.216,865517,556774,3202.2,1,1,211.312,3.02942,214.46,635.201,12.1061,643.246,1474.48,30.2881,1490.45,3655.23,3665.82,52.2588,3698.73,5,5,5
2,random,1000000,4,5,42,1,20,0,0.1,1,3,338.044,1279.98,2449.3,0.138015,0.522548,0.264128,YES,YES,YES,999986,469.211,667.215,3.99435,0.0923295,0.00141046,4,14.6,0.999986,0.999986,11.9275,15.6,1.90032e-06,50.4911,28.5767,121.411,2053.81,3.99435e+06,7.98869e+06,3.99435,2,16.9162,1.30328e+06,1.30328e+06,303291,3.99435e+06,1.30328e+06,999986,999986,303291,3.99435e+06,1.30328e+06,6541.4,3,616.4,0.0634987,1.0786,6540.4,156.318,1.30917e+06,1.07668e+06,6540.4,1,1,338.084,7.22847,344.695,1291.58,31.6794,1310.82,2461.72,40.7875,2492.07,4503.11,4544.91,72.1775,4570.39,5,5,5
2,random,1000000,8,5,42,1,20,0,0.1,1,3,463.235,1508.48,3202.92,0.144633,0.47098,0.307096,YES,YES,YES,1e+06,212.012,305.234,7.99603,0.0871751,0.000495206,8,1,1,1,7.16431,9,6.44571e-06,50.4966,28.5752,107.149,4670.13,7.99603e+06,1.59921e+07,7.99603,2,43.5855,1.76882e+06,1.76882e+06,768823,7.99603e+06,1.76882e+06,1e+06,1e+06,768823,7.99603e+06,1.76882e+06,2608.4,3,459.8,0.0591796,1.10528,2607.4,387.117,1.74307e+06,1.05155e+06,2607.4,1,1,460.921,7.9671,476.899,1505.32,13.2658,1530.49,3198.69,9.37219,3216.11,7873.05,7868.64,33.2752,7926.12,5,5,5
2,erdos_renyi,100000,4,5,42,1,20,0,0.1,1,3,26.0224,72.8822,135.007,0.193006,0.540458,0.357059,YES,YES,YES,98042,304.238,596.776,4,1.99532,0.276956,15.6,1882.2,0.98042,0.98042,8.3168,16.8,2.67351e-05,50.5048,28.584,11.1434,140.909,400001,800000,4.00001,2,12.6451,128960,128960,30918.4,399846,128959,98042,98042,30918.4,399846,128959,890.4,3,290.6,0.027078,1.05874,889.4,115.21,129656,115427,889.4,1,1,25.913,0.254307,26.319,72.646,0.438617,73.569,133.988,5.52549,144.193,275.916,273.991,4.29448,283.503,5,5,5
2,erdos_renyi,100000,8,5,42,1,20,0,0.1,1,3,35.5312,85.7506,206.042,0.172448,0.416182,0.414382,YES,YES,YES,99965.6,157.173,295.664,8,2.82594,0.197742,23,35.4,0.999656,0.999656,5.75257,9.6,8.24489e-05,50.498,28.5727,14.4538,333.668,800001,1.6e+06,8.00001,2,23.0851,177490,177490,77524.4,800000,177489,99965.6,99965.6,77524.4,800000,177489,1720.4,3,231.4,0.0743608,1.16892,1719.4,60.3294,173580,114951,1719.4,1,1,35.633,0.39984,35.923,85.74,0.577488,86.608,206.233,0.661556,206.933,539.709,538.688,2.97164,544.579,5,5,5
2,erdos_renyi,250000,4,5,42,1,20,0,0.1,1,3,76.7014,235.162,446.61,0.171767,0.526637,0.326165,YES,YES,YES,245053,331.551,653.114,4,1.99703,0.277238,16.2,4752.8,0.980214,0.980214,9.01138,18.6,1.87512e-05,50.4956,28.5822,39.1884,477.126,1e+06,2e+06,4,2,12.1752,322413,322413,77359.2,999610,322412,245053,245053,77359.2,999610,322412,2679.8,3,330,0.153508,1.17879,2678.8,93.3702,323126,263726,2678.8,1,1,76.666,1.35947,78.072,235.448,1.78689,237.316,450.111,6.22928,452.563,923.736,921.763,14.1605,947.62,5,5,5
2,erdos_renyi,250000,8,5,42,1,20,0,0.1,1,3,102.305,273.59,624.374,0.163851,0.43819,0.373932,YES,YES,YES,249917,170.887,342.53,8,2.82957,0.197997,23.8,84,0.999667,0.999667,6.28165,10.4,3.0194e-05,50.513,28.5787,42.1598,1048.89,2e+06,4e+06,8,2,24.879,444190,444190,194273,2e+06,444189,249917,249917,194273,2e+06,444189,1074.4,3,263.8,0.102072,1.16663,1073.4,235.665,436984,262737,1073.4,1,1,102.749,0.961232,103.173,273.353,1.28385,275.14,625.769,4.21276,628.427,1673.27,1674.2,8.13411,1685.21,5,5,5
2,erdos_renyi,500000,4,5,42,1,20,0,0.1,1,3,159.041,583.577,1160.46,0.137119,0.502648,0.273629,YES,YES,YES,490056,345.101,691.02,4,2.00088,0.277686,17.6,9532,0.980112,0.980112,9.34244,19,6.43877e-06,50.5196,28.581,88.0068,1041.56,2e+06,4e+06,4,2,11.835,644567,644567,154511,1.99917e+06,644566,490056,490056,154511,1.99917e+06,644566,1254,3,565,0.0102504,1.02859,1253,404.845,646165,558111,1253,1,1,159.294,1.74133,161.537,568.016,46.3027,665.874,1149.14,34.1527,1198.8,2202.02,2188.64,45.6018,2251.49,5,5,5
2,erdos_renyi,500000,8,5,42,1,20,0,0.1,1,3,219.594,665.464,1585.2,0.138527,0.419822,0.329944,YES,YES,YES,499838,175.073,338.479,8,2.82753,0.197845,25,162.4,0.999677,0.999677,6.60185,10.4,1.53133e-05,50.4997,28.5855,88.9644,2343.53,4e+06,8e+06,8,2,26.3424,888165,888165,388327,4e+06,888164,499838,499838,388327,4e+06,888164,3493.8,3,439,0.0392913,1.07383,3492.8,146.844,867928,555343,3492.8,1,1,217.28,10.5804,237.318,663.073,3.93316,670.078,1580.88,17.9248,1611.63,3928.73,3917.3,40.3543,3996.92,5,5,5
2,erdos_renyi,1000000,4,5,42,1,20,0,0.1,1,3,346.436,1365.34,2575.64,0.134518,0.53014,0.253976,YES,YES,YES,980112,354.568,691.352,4,2.00004,0.277592,17.6,19097,0.980112,0.980112,9.86781,20.4,3.0134e-06,50.492,28.5771,179.428,2309.6,4e+06,8e+06,4,2,12.872,1.28959e+06,1.28959e+06,309475,3.99842e+06,1.28959e+06,980112,980112,309475,3.99842e+06,1.28959e+06,6628,3,571.4,0.0757091,1.10483,6627,150.931,1.29119e+06,1.05133e+06,6627,1,1,347.016,5.9229,351.789,1347.48,55.5665,1462.35,2567.35,19.0307,2602.78,4885.24,4901.69,33.8897,4915.35,5,5,5
2,erdos_renyi,1000000,8,5,42,1,20,0,0.1,1,3,487.785,1589.31,3471.47,0.140536,0.457828,0.306958,YES,YES,YES,999641,211.102,398.138,8,2.82844,0.197891,25.6,359.4,0.999641,0.999641,6.85248,11.4,8.56056e-06,50.494,28.5758,197.607,5075.92,8e+06,1.6e+07,8,2,25.6869,1.77655e+06,1.77655e+06,776911,8e+06,1.77655e+06,999641,999641,776911,8e+06,1.77655e+06,2739.6,3,447.4,0.0635258,1.11353,2738.6,369.591,1.7476e+06,1.04984e+06,2738.6,1,1,485.671,10.6989,505.679,1587.96,13.577,1608.83,3469.33,26.062,3503.08,8547.39,8557.15,43.6956,8607.75,5,5,5
2,barabasi_albert,100000,2,5,42,1,20,0,0.1,1,3,21.05,64.6204,116.63,0.180548,0.554069,0.325936,YES,YES,YES,100000,188.515,346.859,3.99994,7.57897,0.39143,889,1,1,1,5.93882,9.6,0.000816582,50.4741,28.5865,5.4434,90.9498,399995,799988,3.99995,2,16.7083,132237,132237,32237.4,399994,132236,100000,100000,32237.4,399994,132236,1736.4,3,220.6,0.0781005,1.10195,1735.4,59.5315,132464,114357,1735.4,1,1,21.07,0.156253,21.247,63.665,1.80385,67.465,116.817,2.32895,119.616,207.579,208.216,2.72944,210.999,5,5,5
2,barabasi_albert,100000,4,5,42,1,20,0,0.1,1,3,31.067,71.7564,181.13,0.171529,0.396214,0.432997,YES,YES,YES,100000,105.297,197.892,7.9998,12.9559,0.367605,1192.2,1,1,1,4.45575,6.6,0.00100585,50.5145,28.5795,8.1792,250.873,799981,1.59996e+06,7.99981,2,30.6721,182634,182634,82633.8,799980,182633,100000,100000,82633.8,799980,182633,1627.8,3,200.6,0.10449,1.24928,1626.8,62.9014,179427,112684,1626.8,1,1,30.89,0.526935,31.892,71.831,0.433459,72.275,181.196,2.21369,184.118,432.003,431.532,2.80568,436.032,5,5,5
2,barabasi_albert,250000,2,5,42,1,20,0,0.1,1,3,61.6814,195.808,378.933,0.162801,0.516703,0.315165,YES,YES,YES,250000,194.336,352.828,3.99998,8.03219,0.391232,1579.4,1,1,1,6.92921,10,0.000377189,50.5077,28.5825,14.3056,325.433,999995,1.99999e+06,3.99998,2,22.7486,330536,330536,80536,999994,330535,250000,250000,80536,999994,330535,1687.8,3,282.8,0.200943,1.21382,1686.8,149.686,329281,263317,1686.8,1,1,61.68,0.55896,62.432,194.628,5.04863,204.606,378.13,4.34502,384.157,704.366,705.323,4.26087,708.281,5,5,5
2,barabasi_albert,250000,4,5,42,1,20,0,0.1,1,3,90.2296,219.837,579.214,0.155779,0.379565,0.410452,YES,YES,YES,250000,110.127,210.427,7.99992,13.7573,0.367615,1764.4,1,1,1,4.77072,7,0.000467947,50.5028,28.5741,21.4678,842.898,1.99998e+06,3.99996e+06,7.99992,2,39.2634,456527,456527,206527,1.99998e+06,456526,250000,250000,206527,1.99998e+06,456526,819.8,3,225.6,0.105504,1.14718,818.8,307.191,448393,260253,818.8,1,1,90.307,1.1284,91.469,218.6,2.20479,222.802,580.256,4.51676,584.182,1422.11,1424.52,6.81598,1428.25,5,5,5
2,barabasi_albert,500000,2,5,42,1,20,0,0.1,1,3,139.634,461.413,1033.74,0.135101,0.4465,0.302627,YES,YES,YES,500000,224.888,395.651,3.99999,8.00742,0.391141,1730,1,1,1,6.89813,10.8,0.000184019,50.504,28.5745,29.0716,790.273,2e+06,3.99999e+06,3.99999,2,27.1837,660616,660616,160616,1.99999e+06,660615,500000,500000,160616,1.99999e+06,660615,3012.8,3,431,0.0303354,1.04095,3011.8,170.24,659267,553817,3011.8,1,1,139.217,2.10213,142.549,461.422,5.84814,467.184,1034.34,22.6489,1069.25,1824.01,1820.24,24.3134,1861.79,5,5,5
2,barabasi_albert,500000,4,5,42,1,20,0,0.1,1,3,195.173,525.047,1491.65,0.130858,0.352037,0.371747,YES,YES,YES,500000,112.777,213.512,7.99996,14.1697,0.367736,2475.8,1,1,1,5.16611,7,0.000253447,50.5064,28.588,42.4388,1976.08,3.99998e+06,7.99996e+06,7.99996,2,46.5631,913136,913136,413136,3.99998e+06,913135,500000,500000,413136,3.99998e+06,913135,4089.2,3,366.8,0.0700522,1.10684,4088.2,124.075,895640,546943,4088.2,1,1,195.253,0.408476,195.469,522.335,4.81416,531.252,1483.69,16.1832,1511.29,3467.74,3452,51.7459,3543.82,5,5,5
2,barabasi_albert,1000000,2,5,42,1,20,0,0.1,1,3,312.152,1125.5,2261.06,0.138034,0.497808,0.27735,YES,YES,YES,1e+06,200.187,373.114,3.99999,8.33729,0.391235,2678.4,1,1,1,6.53372,11.2,0.000108036,50.4776,28.5837,61.4262,1804.92,4e+06,7.99999e+06,4,2,29.3835,1.32196e+06,1.32196e+06,321958,3.99999e+06,1.32196e+06,1e+06,1e+06,321958,3.99999e+06,1.32196e+06,4663,3,456.8,0.117181,1.13816,4662,216.534,1.3165e+06,1.05194e+06,4662,1,1,310.504,9.02818,326.582,1128.97,16.6667,1141.8,2260.31,28.7715,2299.11,4065.98,4073.55,37.0772,4118.45,5,5,5
2,barabasi_albert,1000000,4,5,42,1,20,0,0.1,1,3,472.658,1337.27,3413.93,0.138459,0.391726,0.353466,YES,YES,YES,1e+06,120.432,222.653,7.99998,14.7623,0.367704,3846.6,1,1,1,5.13342,7.2,0.000146021,50.504,28.5752,91.5526,4500.17,7.99998e+06,1.6e+07,7.99998,2,49.1539,1.82607e+06,1.82607e+06,826070,7.99998e+06,1.82607e+06,1e+06,1e+06,826070,7.99998e+06,1.82607e+06,1784.6,3,376,0.0697366,1.12461,1783.6,564.322,1.79381e+06,1.03983e+06,1783.6,1,1,469.462,5.92223,481.59,1342.36,13.3543,1346.76,3404.87,30.074,3445.53,7914.1,7898.81,77.1134,8026.05,5,5,5
2,grid,100000,0,5,42,1,20,0,0.1,1,3,11.7102,38.9264,55.139,0.212484,0.706275,0.300511,YES,YES,YES,99856,734.008,1532.47,3.98734,0.112152,0.00313467,4,1,1,1,215.647,630,0,5.5036,2.59757,4.5098,34.4018,398161,796320,3.98735,2,7.62823,126627,126627,26771,398160,126626,99856,99856,26771,398160,126626,4472.8,3,1551.6,0.0236462,1.03882,4471.8,24.275,126856,202695,4471.8,1,1,11.793,0.87359,12.721,39.046,1.59735,40.75,54.215,1.41313,56.862,89.5408,89.606,1.78647,91.903,5,5,5
2,grid,250000,0,5,42,1,20,0,0.1,1,3,31.0986,102.269,150.207,0.206922,0.680823,0.30395,YES,YES,YES,250000,1107.81,2333.72,3.992,0.0892637,0.00198804,4,1,1,1,326.116,998,0,5.50078,2.59803,11.6694,85.172,998001,1.996e+06,3.992,2,7.29875,317742,317742,67742.4,998000,317741,250000,250000,67742.4,998000,317741,6661.2,3,3916.6,0.0134985,1.02244,6660.2,41.0776,325371,502804,6660.2,1,1,31.134,1.69345,33.019,103.783,3.80233,106.767,149.701,4.90103,155.381,235.379,233.848,4.93564,240.748,5,5,5
2,grid,500000,0,5,42,1,20,0,0.1,1,3,63.6134,214.396,293.506,0.216735,0.730538,0.296447,YES,YES,YES,499849,1563.95,3241.34,3.99434,0.0751113,0.00140844,4,1,1,1,464.457,1412,0,5.50053,2.59767,23.237,171.962,1.99657e+06,3.99314e+06,3.99434,2,7.40035,635422,635422,135573,1.99657e+06,635421,499849,499849,135573,1.99657e+06,635421,14400.4,3,3880.6,0.0146244,1.02309,14399.4,37.2279,631041,1.01032e+06,14399.4,1,1,65.056,4.67939,67.819,214.084,10.9728,224.798,294.121,10.6027,308.873,465.468,466.467,12.0389,483.301,5,5,5
2,grid,1000000,0,5,42,1,20,0,0.1,1,3,132.118,442.194,601.938,0.219483,0.73464,0.298637,YES,YES,YES,1e+06,2195.71,4643.8,3.996,0.0631823,0.000997005,4,1,1,1,651.454,1998,0,5.49964,2.59806,46.5746,345.014,3.996e+06,7.992e+06,3.996,2,7.40778,1.27063e+06,1.27063e+06,270627,3.996e+06,1.27063e+06,1e+06,1e+06,270627,3.996e+06,1.27063e+06,18060.4,3,7803.8,0.00902959,1.01454,18059.4,58.4824,1.27341e+06,2.01036e+06,18059.4,1,1,134.792,7.11397,140.345,445.427,15.2002,461.078,603.734,15.3191,623.039,946.952,946.734,15.44,967.637,5,5,5
2,road,100000,0,5,42,1,20,0,0.1,1,3,13.0174,49.7114,63.1694,0.206076,0.786881,0.261982,YES,YES,YES,100000,12204,20351.3,2.19998,1.2397,0.305407,8,1,1,1,25.9169,49.2,0,505.069,285.975,3.831,28.6236,219999,439996,2.19999,2,7.47157,103246,103246,3245.8,219998,103245,100000,100000,3245.8,219998,103245,1319.4,3,615.8,0.0184257,1.03186,1318.4,85.7327,114908,138834,1318.4,1,1,13.049,0.377548,13.5,49.324,1.27467,51.787,62.909,0.61381,64.195,91.793,91.708,0.801675,93.125,5,5,5
2,road,250000,0,5,42,1,20,0,0.1,1,3,40.2778,144.909,198.165,0.203457,0.732118,0.277959,YES,YES,YES,250000,13246.3,21397.8,2.19999,1.23848,0.305167,8,1,1,1,27.4036,56.4,7.22141e-07,505.099,285.761,9.9506,83.7068,549999,1.1e+06,2.19999,2,8.41224,258120,258120,8120.2,549998,258119,250000,250000,8120.2,549998,258119,2236,3,739.4,0.0250365,1.0372,2235,119.261,273055,294548,2235,1,1,40.081,0.548127,41.241,145.316,1.78314,147.151,194.453,8.62226,213.365,281.871,277.787,10.3068,300.193,5,5,5
2,road,500000,0,5,42,1,20,0,0.1,1,3,89.836,327.456,551.492,0.162924,0.594001,0.274443,YES,YES,YES,500000,12835.3,22217.6,2.2,1.23794,0.305052,8.2,1,1,1,27.5645,59.8,6.9969e-07,504.933,285.637,20.983,177.703,1.1e+06,2.2e+06,2.2,2,8.4689,516325,516325,16324.8,1.1e+06,516324,500000,500000,16324.8,1.1e+06,516324,2468.2,3,1268,0.00788679,1.01361,2467.2,225.056,566063,659307,2467.2,1,1,89.695,0.643168,90.617,323.993,7.70231,340.993,554.328,7.66045,557.155,729.195,731.75,8.09047,735.247,5,5,5
2,road,1000000,0,5,42,1,20,0,0.1,1,3,205.57,742.389,1410.89,0.145731,0.526297,0.27695,YES,YES,YES,1e+06,14025.2,24254.3,2.2,1.23832,0.305134,8.6,1,1,1,29.6496,62.6,0,504.783,285.754,43.733,375.434,2.2e+06,4.39999e+06,2.2,2,8.58469,1.03267e+06,1.03267e+06,32671,2.2e+06,1.03267e+06,1e+06,1e+06,32671,2.2e+06,1.03267e+06,2636.2,3,1417.2,0.00760955,1.01515,2635.2,403.777,1.09068e+06,1.17265e+06,2635.2,1,1,206.04,1.09536,206.577,735.849,12.0375,758.866,1407.61,22.1707,1445.7,1786.33,1783.33,25.86,1828.12,5,5,5
